week_start,plant_id,production_t,energy_mwh,intensity,baseline,dev,dev_4w,breach
2024-01-01,P1,2391.45,1116.93,0.46705,0.46783,-0.00166,,False
2024-01-08,P1,2406.88,1099.97,0.45701,0.46878,-0.02511,,False
2024-01-15,P1,2434.51,1167.15,0.47942,0.46921,0.02176,,False
2024-01-22,P1,2501.14,1179.65,0.47164,0.46922,0.00517,4e-05,False
2024-01-29,P1,2480.85,1168.26,0.47091,0.47281,-0.00401,-0.00055,False
2024-02-05,P1,3345.36,1562.62,0.4671,0.4698,-0.00574,0.0043,False
2024-02-12,P1,3017.18,1433.04,0.47496,0.46846,0.01388,0.00233,False
2024-02-19,P1,3061.21,1421.54,0.46437,0.46731,-0.00629,-0.00054,False
2024-02-26,P1,3191.82,1484.02,0.46494,0.46548,-0.00115,0.00017,False
2024-03-04,P1,3674.53,1709.35,0.46519,0.46485,0.00073,0.00179,False
2024-03-11,P1,3299.85,1511.11,0.45793,0.46314,-0.01124,-0.00449,False
2024-03-18,P1,3315.29,1564.21,0.47182,0.45921,0.02744,0.00395,False
2024-03-25,P1,3463.36,1578.62,0.45581,0.45313,0.0059,0.00571,False
2024-04-01,P1,2485.55,1106.89,0.44533,0.45055,-0.01158,0.00263,False
2024-04-08,P1,2524.45,1097.56,0.43477,0.44295,-0.01847,0.00082,False
2024-04-15,P1,2569.44,1143.44,0.44502,0.43648,0.01956,-0.00115,False
2024-04-22,P1,2652.44,1150.74,0.43384,0.43313,0.00163,-0.00221,False
2024-04-29,P1,2513.82,1064.44,0.42344,0.43315,-0.02242,-0.00492,False
2024-05-06,P1,3439.21,1474.07,0.42861,0.42936,-0.00175,-0.00074,False
2024-05-13,P1,3519.59,1530.42,0.43483,0.4285,0.01476,-0.00194,False
2024-05-20,P1,3345.31,1425.37,0.42608,0.42889,-0.00656,-0.00399,False
2024-05-27,P1,3247.98,1395.23,0.42957,0.42783,0.00407,0.00263,False
2024-06-03,P1,3114.42,1324.83,0.42539,0.42435,0.00245,0.00368,False
2024-06-10,P1,3213.25,1360.11,0.42328,0.42116,0.00504,0.00125,False
2024-06-17,P1,2996.81,1250.91,0.41741,0.4184,-0.00235,0.0023,False
2024-06-24,P1,3028.05,1241.91,0.41014,0.41955,-0.02244,-0.00432,False
2024-07-01,P1,2265.11,941.77,0.41577,0.4175,-0.00414,-0.00597,False
2024-07-08,P1,2398.26,1034.01,0.43115,0.41691,0.03415,0.0013,False
2024-07-15,P1,2317.59,957.24,0.41303,0.41808,-0.01206,-0.00112,False
2024-07-22,P1,2331.75,966.46,0.41448,0.41894,-0.01065,0.00182,False
2024-07-29,P1,2337.97,972.47,0.41595,0.41779,-0.00441,0.00176,False
2024-08-05,P1,3253.49,1366.8,0.4201,0.41926,0.00202,-0.00628,False
2024-08-12,P1,3433.51,1460.55,0.42538,0.41959,0.01379,0.00019,False
2024-08-19,P1,3033.96,1275.39,0.42037,0.42192,-0.00366,0.00194,False
2024-08-26,P1,3226.41,1342.74,0.41617,0.42349,-0.01728,-0.00128,False
2024-09-02,P1,2755.69,1178.2,0.42755,0.42402,0.00833,0.00029,False
2024-09-09,P1,2747.56,1175.89,0.42798,0.42444,0.00832,-0.00107,False
2024-09-16,P1,2714.05,1161.68,0.42802,0.42598,0.0048,0.00104,False
2024-09-23,P1,2751.97,1162.69,0.42249,0.42805,-0.01298,0.00212,False
2024-09-30,P1,2935.12,1244.09,0.42386,0.42819,-0.0101,-0.00249,False
2024-10-07,P1,3415.98,1495.8,0.43788,0.4325,0.01244,-0.00146,False
2024-10-14,P1,3295.47,1412.66,0.42867,0.43665,-0.01828,-0.00723,False
2024-10-21,P1,3396.18,1526.98,0.44962,0.44226,0.01662,0.00017,False
2024-10-28,P1,3635.68,1611.39,0.44322,0.4439,-0.00153,0.00231,False
2024-11-04,P1,3345.43,1511.94,0.45194,0.45045,0.0033,3e-05,False
2024-11-11,P1,3442.58,1535.53,0.44604,0.45506,-0.01982,-0.00036,False
2024-11-18,P1,3450.12,1592.09,0.46146,0.45893,0.00552,-0.00313,False
2024-11-25,P1,3538.44,1672.39,0.47263,0.46034,0.0267,0.00393,False
2024-12-02,P1,2669.33,1234.73,0.46256,0.46268,-0.00026,0.00304,False
2024-12-09,P1,2814.36,1291.83,0.45901,0.46198,-0.00642,0.00638,False
2024-12-16,P1,2681.22,1227.31,0.45774,0.46282,-0.01098,0.00226,False
2024-12-23,P1,2599.52,1190.46,0.45795,0.46289,-0.01066,-0.00708,False
2024-12-30,P1,2715.33,1294.8,0.47685,0.46418,0.02729,-0.00019,False
2025-01-06,P1,3152.71,1479.83,0.46938,0.46783,0.00333,0.00224,False
2025-01-13,P1,3027.48,1420.16,0.46909,0.46878,0.00066,0.00515,False
2025-01-20,P1,2933.78,1395.38,0.47563,0.46921,0.01368,0.01124,False
2025-01-27,P1,3333.39,1542.24,0.46266,0.46922,-0.01397,0.00092,False
2025-02-03,P1,3425.24,1562.27,0.45611,0.47281,-0.03532,-0.00874,False
2025-02-10,P1,3323.17,1504.68,0.45278,0.4698,-0.03621,-0.01796,False
2025-02-17,P1,3310.06,1517.62,0.45849,0.46846,-0.02128,-0.0267,False
2025-02-24,P1,3426.63,1560.57,0.45542,0.46731,-0.02544,-0.02957,False
2025-03-03,P1,2587.32,1201.1,0.46423,0.46548,-0.00269,-0.02141,False
2025-03-10,P1,2744.92,1220.61,0.44468,0.46485,-0.04339,-0.0232,False
2025-03-17,P1,2776.8,1233.85,0.44434,0.46314,-0.04058,-0.02803,False
2025-03-24,P1,2916.02,1327.47,0.45523,0.45921,-0.00867,-0.02384,False
2025-03-31,P1,3005.26,1336.89,0.44485,0.45313,-0.01828,-0.02773,False
2025-04-07,P1,3560.72,1592.89,0.44735,0.45055,-0.0071,-0.01866,False
2025-04-14,P1,3632.63,1610.48,0.44334,0.44295,0.00087,-0.00829,False
2025-04-21,P1,3589.91,1547.36,0.43103,0.43648,-0.01248,-0.00925,False
2025-04-28,P1,3443.7,1502.25,0.43623,0.43313,0.00715,-0.00289,False
2025-05-05,P1,3580.27,1561.99,0.43628,0.43315,0.00723,0.00069,False
2025-05-12,P1,3302.79,1400.95,0.42417,0.42936,-0.01208,-0.00255,False
2025-05-19,P1,3480.99,1489.89,0.42801,0.4285,-0.00116,0.00029,False
2025-05-26,P1,3344.5,1414.79,0.42302,0.42889,-0.0137,-0.00493,False
2025-06-02,P1,2677.42,1126.85,0.42087,0.42783,-0.01626,-0.0108,False
2025-06-09,P1,2744.22,1171.29,0.42682,0.42435,0.00583,-0.00632,False
2025-06-16,P1,2669.27,1085.87,0.4068,0.42116,-0.03408,-0.01455,False
2025-06-23,P1,2709.52,1114.62,0.41137,0.4184,-0.01679,-0.01533,False
2025-06-30,P1,2744.08,1111.49,0.40505,0.41955,-0.03456,-0.0199,False
2025-07-07,P1,2876.81,1238.32,0.43045,0.4175,0.03101,-0.01361,False
2025-07-14,P1,2889.79,1189.8,0.41173,0.41691,-0.01244,-0.0082,False
2025-07-21,P1,2980.53,1251.34,0.41984,0.41808,0.00421,-0.00294,False
2025-07-28,P1,3099.74,1279.62,0.41282,0.41894,-0.01462,0.00204,False
2025-08-04,P1,3315.82,1304.67,0.39347,0.41779,-0.05821,-0.02027,False
2025-08-11,P1,3272.62,1364.02,0.4168,0.41926,-0.00586,-0.01862,False
2025-08-18,P1,3257.9,1347.45,0.41359,0.41959,-0.0143,-0.02325,False
2025-08-25,P1,3131.68,1316.85,0.42049,0.42192,-0.00337,-0.02044,False
2025-09-01,P1,3036.4,1261.31,0.4154,0.42349,-0.01911,-0.01066,False
2025-09-08,P1,2930.38,1211.56,0.41345,0.42402,-0.02493,-0.01543,False
2025-09-15,P1,2948.21,1277.32,0.43325,0.42444,0.02075,-0.00666,False
2025-09-22,P1,2993.29,1258.5,0.42044,0.42598,-0.01301,-0.00907,False
2025-09-29,P1,2923.05,1248.06,0.42697,0.42805,-0.00251,-0.00492,False
2025-10-06,P1,3481.27,1593.05,0.45761,0.42819,0.06871,0.01848,False
2025-10-13,P1,3328.37,1449.52,0.4355,0.4325,0.00694,0.01503,False
2025-10-20,P1,3679.24,1629.94,0.44301,0.43665,0.01457,0.02192,False
2025-10-27,P1,3712.74,1640.73,0.44192,0.44226,-0.00078,0.02236,False
2025-11-03,P1,3672.99,1630.32,0.44387,0.4439,-7e-05,0.00516,False
2025-11-10,P1,3702.25,1665.2,0.44978,0.45045,-0.0015,0.00306,False
2025-11-17,P1,3745.41,1718.29,0.45877,0.45506,0.00816,0.00145,False
2025-11-24,P1,3773.3,1727.9,0.45793,0.45893,-0.00218,0.00111,False
2025-12-01,P1,2947.39,1388.02,0.47093,0.46034,0.023,0.00687,False
2025-12-08,P1,2879.2,1325.83,0.46049,0.46268,-0.00475,0.00606,False
2025-12-15,P1,2855.68,1344.53,0.47083,0.46198,0.01915,0.00881,False
2025-12-22,P1,2824.56,1285.22,0.45502,0.46282,-0.01687,0.00513,False
2025-12-29,P1,2911.98,1362.83,0.46801,0.46289,0.01106,0.00215,False
2024-01-01,P2,2218.75,1075.58,0.48477,0.48646,-0.00348,,False
2024-01-08,P2,2242.54,1109.98,0.49497,0.4832,0.02436,,False
2024-01-15,P2,2129.74,1021.53,0.47965,0.48344,-0.00784,,False
2024-01-22,P2,2209.92,1046.18,0.4734,0.48289,-0.01966,-0.00165,False
2024-01-29,P2,2262.27,1095.87,0.48441,0.48053,0.00807,0.00123,False
2024-02-05,P2,3038.47,1464.66,0.48204,0.47899,0.00637,-0.00326,False
2024-02-12,P2,2803.2,1354.42,0.48317,0.47892,0.00888,0.00091,False
2024-02-19,P2,2940.29,1387.59,0.47192,0.47773,-0.01215,0.00279,False
2024-02-26,P2,2807.04,1327.86,0.47305,0.47654,-0.00733,-0.00106,False
2024-03-04,P2,3053.51,1460.96,0.47845,0.47287,0.0118,0.0003,False
2024-03-11,P2,2848.17,1356.05,0.47611,0.4735,0.00553,-0.00054,False
2024-03-18,P2,2930.55,1362.19,0.46482,0.47255,-0.01636,-0.00159,False
2024-03-25,P2,3021.88,1435.53,0.47505,0.46974,0.01129,0.00306,False
2024-04-01,P2,2315.91,1084.62,0.46833,0.46613,0.00474,0.0013,False
2024-04-08,P2,2402.09,1115.53,0.4644,0.4638,0.0013,0.00024,False
2024-04-15,P2,2383.74,1091.81,0.45802,0.45906,-0.00225,0.00377,False
2024-04-22,P2,2445.88,1108.41,0.45317,0.4578,-0.01011,-0.00158,False
2024-04-29,P2,2408.21,1086.93,0.45134,0.45397,-0.00579,-0.00421,False
2024-05-06,P2,3005.16,1388.6,0.46207,0.44829,0.03073,0.00315,False
2024-05-13,P2,3029.33,1348.8,0.44525,0.44398,0.00285,0.00442,False
2024-05-20,P2,2699.55,1159.82,0.42963,0.44124,-0.0263,0.00037,False
2024-05-27,P2,2760.98,1191.65,0.4316,0.43394,-0.00537,0.00048,False
2024-06-03,P2,2792.52,1222.11,0.43764,0.43186,0.01339,-0.00386,False
2024-06-10,P2,2771.82,1179.56,0.42555,0.43059,-0.01169,-0.00749,False
2024-06-17,P2,2864.53,1245.64,0.43485,0.43042,0.01029,0.00165,False
2024-06-24,P2,2831.74,1198.68,0.4233,0.43064,-0.01703,-0.00126,False
2024-07-01,P2,2117.48,912.13,0.43076,0.43289,-0.00491,-0.00584,False
2024-07-08,P2,2063.8,905.42,0.43871,0.4335,0.01203,9e-05,False
2024-07-15,P2,2130.57,930.66,0.43681,0.43593,0.00202,-0.00197,False
2024-07-22,P2,2076.18,909.16,0.4379,0.43503,0.0066,0.00394,False
2024-07-29,P2,2013.73,876.91,0.43547,0.43596,-0.00113,0.00488,False
2024-08-05,P2,2830.08,1206.3,0.42624,0.43326,-0.01621,-0.00218,False
2024-08-12,P2,2847.56,1262.54,0.44338,0.43437,0.02073,0.0025,False
2024-08-19,P2,2728.78,1155.2,0.42334,0.43507,-0.02695,-0.00589,False
2024-08-26,P2,2740.93,1215.41,0.44343,0.43922,0.0096,-0.00321,False
2024-09-02,P2,2506.01,1099.99,0.43894,0.44164,-0.00611,-0.00068,False
2024-09-09,P2,2268.28,1013.9,0.44699,0.44787,-0.00197,-0.00636,False
2024-09-16,P2,2390.49,1088.84,0.45549,0.4472,0.01854,0.00501,False
2024-09-23,P2,2332.98,1060.37,0.45451,0.44983,0.01042,0.00522,False
2024-09-30,P2,2398.13,1055.31,0.44006,0.45281,-0.02816,-0.00029,False
2024-10-07,P2,2942.15,1330.09,0.45208,0.45512,-0.00669,-0.00147,False
2024-10-14,P2,2996.09,1383.91,0.46191,0.45743,0.00978,-0.00366,False
2024-10-21,P2,3134.78,1464.15,0.46707,0.46307,0.00862,-0.00411,False
2024-10-28,P2,3018.27,1406.66,0.46605,0.46865,-0.00555,0.00154,False
2024-11-04,P2,3026.92,1417.42,0.46827,0.47292,-0.00983,0.00076,False
2024-11-11,P2,3068.84,1472.89,0.47995,0.47479,0.01087,0.00103,False
2024-11-18,P2,3213.1,1552.77,0.48326,0.48108,0.00453,1e-05,False
2024-11-25,P2,3282.48,1563.78,0.4764,0.48276,-0.01318,-0.0019,False
2024-12-02,P2,2546.68,1267.03,0.49752,0.48455,0.02677,0.00725,False
2024-12-09,P2,2527.4,1204.76,0.47668,0.48252,-0.0121,0.00151,False
2024-12-16,P2,2466.4,1205.8,0.48889,0.4857,0.00657,0.00201,False
2024-12-23,P2,2363.54,1118.2,0.4731,0.48275,-0.01997,0.00031,False
2024-12-30,P2,2437.72,1200.12,0.49231,0.48477,0.01556,-0.00249,False
2025-01-06,P2,2726.74,1323.12,0.48524,0.48646,-0.00251,-9e-05,False
2025-01-13,P2,2732.88,1294.3,0.4736,0.4832,-0.01985,-0.0067,False
2025-01-20,P2,3017.87,1472.4,0.48789,0.48344,0.00921,0.0006,False
2025-01-27,P2,2853.18,1379.44,0.48347,0.48289,0.0012,-0.00299,False
2025-02-03,P2,2813.08,1340.2,0.47642,0.48053,-0.00857,-0.0045,False
2025-02-10,P2,2847.31,1324.94,0.46533,0.47899,-0.02852,-0.00667,False
2025-02-17,P2,2689.49,1310.53,0.48728,0.47892,0.01746,-0.00461,False
2025-02-24,P2,2928.44,1441.21,0.49214,0.47773,0.03018,0.00264,False
2025-03-03,P2,2318.83,1091.96,0.47091,0.47654,-0.01182,0.00183,False
2025-03-10,P2,2588.79,1216.48,0.4699,0.47287,-0.00628,0.00739,False
2025-03-17,P2,2561.19,1200.67,0.46879,0.4735,-0.00993,0.00054,False
2025-03-24,P2,2357.77,1084.35,0.4599,0.47255,-0.02677,-0.0137,False
2025-03-31,P2,2610.5,1201.32,0.46019,0.46974,-0.02034,-0.01583,False
2025-04-07,P2,2974.34,1370.03,0.46062,0.46613,-0.01182,-0.01721,False
2025-04-14,P2,2868.41,1320.74,0.46044,0.4638,-0.00723,-0.01654,False
2025-04-21,P2,2870.08,1322.68,0.46085,0.45906,0.00391,-0.00887,False
2025-04-28,P2,3074.3,1364.82,0.44394,0.4578,-0.03027,-0.01135,False
2025-05-05,P2,3156.81,1462.37,0.46324,0.45397,0.02042,-0.00329,False
2025-05-12,P2,2837.02,1260.35,0.44425,0.44829,-0.00902,-0.00374,False
2025-05-19,P2,2936.58,1313.82,0.4474,0.44398,0.0077,-0.00279,False
2025-05-26,P2,2943.56,1302.68,0.44255,0.44124,0.00298,0.00552,False
2025-06-02,P2,2353.55,1038.33,0.44118,0.43394,0.01669,0.00459,False
2025-06-09,P2,2459.63,1055.21,0.42901,0.43186,-0.00659,0.00519,False
2025-06-16,P2,2378.76,1043.63,0.43873,0.43059,0.0189,0.00799,False
2025-06-23,P2,2379.46,1046.28,0.43971,0.43042,0.02159,0.01265,False
2025-06-30,P2,2256.86,985.64,0.43673,0.43064,0.01415,0.01201,False
2025-07-07,P2,2680.25,1111.28,0.41462,0.43289,-0.04221,0.00311,False
2025-07-14,P2,2667.72,1169.66,0.43845,0.4335,0.01142,0.00124,False
2025-07-21,P2,2714.2,1166.35,0.42972,0.43593,-0.01424,-0.00772,False
2025-07-28,P2,2515.29,1096.7,0.43601,0.43503,0.00227,-0.01069,False
2025-08-04,P2,2956.69,1254.51,0.4243,0.43596,-0.02675,-0.00683,False
2025-08-11,P2,3153.38,1342.45,0.42572,0.43326,-0.01742,-0.01404,False
2025-08-18,P2,3126.35,1311.02,0.41935,0.43437,-0.03459,-0.01912,False
2025-08-25,P2,3216.96,1420.43,0.44154,0.43507,0.01489,-0.01597,False
2025-09-01,P2,2564.34,1121.19,0.43722,0.43922,-0.00453,-0.01041,False
2025-09-08,P2,2585.58,1171.39,0.45305,0.44164,0.02583,0.0004,False
2025-09-15,P2,2608.31,1171.5,0.44914,0.44787,0.00283,0.00976,False
2025-09-22,P2,2604.43,1205.47,0.46285,0.4472,0.03501,0.01479,False
2025-09-29,P2,2475.82,1119.77,0.45228,0.44983,0.00546,0.01728,False
2025-10-06,P2,3596.97,1648.75,0.45837,0.45281,0.01229,0.0139,False
2025-10-13,P2,3201.4,1444.51,0.45121,0.45512,-0.0086,0.01104,False
2025-10-20,P2,3138.55,1411.44,0.44971,0.45743,-0.01688,-0.00193,False
2025-10-27,P2,3438.19,1549.58,0.4507,0.46307,-0.02673,-0.00998,False
2025-11-03,P2,3366.46,1599.19,0.47504,0.46865,0.01363,-0.00964,False
2025-11-10,P2,3141.44,1469.41,0.46775,0.47292,-0.01093,-0.01023,False
2025-11-17,P2,3250.63,1557.07,0.47901,0.47479,0.00889,-0.00379,False
2025-11-24,P2,3295.47,1568.81,0.47605,0.48108,-0.01046,0.00028,False
2025-12-01,P2,2429.12,1140.44,0.46949,0.48276,-0.0275,-0.01,False
2025-12-08,P2,2418.8,1167.71,0.48276,0.48455,-0.00369,-0.00819,False
2025-12-15,P2,2449.22,1163.76,0.47516,0.48252,-0.01526,-0.01423,False
2025-12-22,P2,2420.34,1189.74,0.49156,0.4857,0.01206,-0.0086,False
2025-12-29,P2,2366.52,1140.91,0.4821,0.48275,-0.00133,-0.00206,False
2024-01-01,P3,1871.73,885.53,0.47311,0.47593,-0.00594,,False
2024-01-08,P3,1973.94,950.45,0.4815,0.47533,0.01298,,False
2024-01-15,P3,1941.72,918.81,0.47319,0.47509,-0.00398,,False
2024-01-22,P3,1803.16,853.84,0.47352,0.47385,-0.00069,0.00059,False
2024-01-29,P3,1923.52,911.96,0.47411,0.47276,0.00285,0.00279,False
2024-02-05,P3,2438.72,1138.69,0.46692,0.47036,-0.00732,-0.00228,False
2024-02-12,P3,2302.12,1095.93,0.47605,0.4696,0.01373,0.00214,False
2024-02-19,P3,2158.93,995.72,0.46121,0.46932,-0.01728,-0.002,False
2024-02-26,P3,2222.42,1043.94,0.46973,0.4681,0.00349,-0.00184,False
2024-03-04,P3,2507.75,1185.35,0.47267,0.46664,0.01294,0.00322,False
2024-03-11,P3,2660.53,1226.0,0.46081,0.4668,-0.01282,-0.00342,False
2024-03-18,P3,2579.17,1209.02,0.46876,0.46341,0.01155,0.00379,False
2024-03-25,P3,2525.95,1166.99,0.462,0.46187,0.00028,0.00299,False
2024-04-01,P3,2118.91,959.44,0.4528,0.45627,-0.00761,-0.00215,False
2024-04-08,P3,2057.15,956.53,0.46498,0.45354,0.02523,0.00736,False
2024-04-15,P3,2044.48,884.89,0.43282,0.45073,-0.03974,-0.00546,False
2024-04-22,P3,1951.99,888.32,0.45508,0.44788,0.01609,-0.00151,False
2024-04-29,P3,1943.03,870.41,0.44797,0.44168,0.01423,0.00395,False
2024-05-06,P3,2454.61,1076.46,0.43855,0.44422,-0.01278,-0.00555,False
2024-05-13,P3,2607.39,1131.55,0.43398,0.43901,-0.01147,0.00152,False
2024-05-20,P3,2518.46,1122.1,0.44555,0.43498,0.0243,0.00357,False
2024-05-27,P3,2473.17,1061.06,0.42903,0.43124,-0.00513,-0.00127,False
2024-06-03,P3,2301.47,984.56,0.4278,0.43011,-0.00537,0.00058,False
2024-06-10,P3,2422.19,1016.98,0.41986,0.42831,-0.01973,-0.00148,False
2024-06-17,P3,2388.53,1023.02,0.42831,0.42666,0.00385,-0.0066,False
2024-06-24,P3,2336.65,1020.08,0.43656,0.42778,0.02051,-0.00019,False
2024-07-01,P3,1680.01,706.95,0.4208,0.42529,-0.01055,-0.00148,False
2024-07-08,P3,1696.78,735.36,0.43339,0.42587,0.01765,0.00787,False
2024-07-15,P3,1620.31,660.1,0.40739,0.42354,-0.03814,-0.00263,False
2024-07-22,P3,1620.77,698.89,0.43121,0.42316,0.01903,-0.003,False
2024-07-29,P3,1624.47,690.29,0.42493,0.42044,0.01068,0.00231,False
2024-08-05,P3,2254.47,944.33,0.41887,0.4243,-0.01279,-0.00531,False
2024-08-12,P3,2328.56,977.54,0.4198,0.42171,-0.00451,0.0031,False
2024-08-19,P3,2360.47,1007.16,0.42668,0.42233,0.01028,0.00091,False
2024-08-26,P3,2149.78,899.16,0.41826,0.42324,-0.01178,-0.0047,False
2024-09-02,P3,1982.0,848.42,0.42806,0.42917,-0.00258,-0.00215,False
2024-09-09,P3,1942.75,822.57,0.4234,0.4305,-0.01648,-0.00514,False
2024-09-16,P3,2088.7,938.77,0.44945,0.43644,0.02981,-0.00026,False
2024-09-23,P3,1979.1,857.58,0.43332,0.44054,-0.01638,-0.00141,False
2024-09-30,P3,1968.09,881.65,0.44797,0.44475,0.00725,0.00105,False
2024-10-07,P3,2602.2,1167.16,0.44853,0.44515,0.00758,0.00706,False
2024-10-14,P3,2788.78,1239.53,0.44447,0.45034,-0.01303,-0.00364,False
2024-10-21,P3,2664.49,1202.97,0.45148,0.45299,-0.00334,-0.00038,False
2024-10-28,P3,2521.79,1158.08,0.45923,0.45612,0.00681,-0.00049,False
2024-11-04,P3,2892.79,1334.34,0.46126,0.45875,0.00548,-0.00102,False
2024-11-11,P3,2630.28,1220.88,0.46416,0.46452,-0.00076,0.00205,False
2024-11-18,P3,2762.85,1264.28,0.4576,0.46634,-0.01874,-0.0018,False
2024-11-25,P3,2707.7,1300.58,0.48033,0.46798,0.02637,0.00309,False
2024-12-02,P3,1996.26,934.92,0.46834,0.4669,0.00308,0.00249,False
2024-12-09,P3,2074.06,973.76,0.46949,0.47116,-0.00354,0.00179,False
2024-12-16,P3,2066.56,948.01,0.45874,0.46804,-0.01987,0.00151,False
2024-12-23,P3,2009.66,962.46,0.47892,0.46796,0.02341,0.00077,False
2024-12-30,P3,2037.46,946.81,0.4647,0.46745,-0.00588,-0.00147,False
2025-01-06,P3,2308.9,1108.68,0.48018,0.47593,0.00892,0.00164,False
2025-01-13,P3,2546.92,1218.33,0.47835,0.47533,0.00636,0.0082,False
2025-01-20,P3,2425.95,1136.63,0.46853,0.47509,-0.0138,-0.0011,False
2025-01-27,P3,2579.93,1267.74,0.49139,0.47385,0.03701,0.00962,False
2025-02-03,P3,2512.95,1182.54,0.47058,0.47276,-0.00462,0.00624,False
2025-02-10,P3,2580.91,1249.08,0.48397,0.47036,0.02892,0.01188,False
2025-02-17,P3,2360.54,1128.6,0.47811,0.4696,0.01811,0.01986,False
2025-02-24,P3,2466.33,1193.26,0.48382,0.46932,0.0309,0.01833,False
2025-03-03,P3,2271.55,1074.6,0.47307,0.4681,0.01062,0.02214,False
2025-03-10,P3,2100.61,974.94,0.46412,0.46664,-0.00539,0.01356,False
2025-03-17,P3,2169.25,1002.13,0.46197,0.4668,-0.01034,0.00645,False
2025-03-24,P3,2144.95,1003.28,0.46774,0.46341,0.00935,0.00106,False
2025-03-31,P3,2157.85,1018.39,0.47195,0.46187,0.02182,0.00386,False
2025-04-07,P3,2546.4,1152.75,0.4527,0.45627,-0.00783,0.00325,False
2025-04-14,P3,2411.35,1131.65,0.4693,0.45354,0.03476,0.01452,False
2025-04-21,P3,2517.15,1207.84,0.47984,0.45073,0.0646,0.02833,False
2025-04-28,P3,2754.26,1318.43,0.47869,0.44788,0.06879,0.04008,False
2025-05-05,P3,2697.29,1307.03,0.48457,0.44168,0.09711,0.06631,True
2025-05-12,P3,2678.15,1353.99,0.50557,0.44422,0.13809,0.09215,True
2025-05-19,P3,2866.96,1488.81,0.5193,0.43901,0.18288,0.12172,True
2025-05-26,P3,2538.22,1260.71,0.49669,0.43498,0.14187,0.13999,True
2025-06-02,P3,2151.57,1136.23,0.52809,0.43124,0.22459,0.17186,True
2025-06-09,P3,1991.85,993.7,0.49888,0.43011,0.1599,0.17731,True
2025-06-16,P3,2076.68,1026.35,0.49423,0.42831,0.1539,0.17006,True
2025-06-23,P3,2181.04,1054.73,0.48359,0.42666,0.13342,0.16795,True
2025-06-30,P3,2119.33,1039.85,0.49065,0.42778,0.14696,0.14855,True
2025-07-07,P3,2237.96,1094.55,0.48908,0.42529,0.15001,0.14607,True
2025-07-14,P3,2223.12,1106.28,0.49762,0.42587,0.16849,0.14972,True
2025-07-21,P3,2064.24,1016.03,0.49221,0.42354,0.16211,0.15689,True
2025-07-28,P3,2254.65,1110.96,0.49274,0.42316,0.16444,0.16126,True
2025-08-04,P3,2514.13,1274.89,0.50709,0.42044,0.20609,0.17528,True
2025-08-11,P3,2553.4,1279.2,0.50098,0.4243,0.18072,0.17834,True
2025-08-18,P3,2629.11,1299.22,0.49417,0.42171,0.17182,0.18077,True
2025-08-25,P3,2459.88,1245.19,0.5062,0.42233,0.19858,0.1893,True
2025-09-01,P3,1997.13,978.48,0.48994,0.42324,0.1576,0.17718,True
2025-09-08,P3,2222.74,1103.75,0.49657,0.42917,0.15705,0.17126,True
2025-09-15,P3,2082.57,1069.87,0.51373,0.4305,0.19333,0.17664,True
2025-09-22,P3,2167.82,1096.68,0.50589,0.43644,0.15912,0.16677,True
2025-09-29,P3,2150.05,1104.87,0.51388,0.44054,0.16649,0.169,True
2025-10-06,P3,2798.99,1441.04,0.51484,0.44475,0.15761,0.16914,True
2025-10-13,P3,2788.58,1476.18,0.52937,0.44515,0.18917,0.1681,True
2025-10-20,P3,3091.87,1595.36,0.51599,0.45034,0.14578,0.16476,True
2025-10-27,P3,2871.01,1477.69,0.51469,0.45299,0.1362,0.15719,True
2025-11-03,P3,2730.65,1432.33,0.52454,0.45612,0.15,0.15529,True
2025-11-10,P3,2663.49,1418.56,0.53259,0.45875,0.16097,0.14824,True
2025-11-17,P3,2681.43,1473.85,0.54965,0.46452,0.18327,0.15761,True
2025-11-24,P3,2870.42,1537.59,0.53567,0.46634,0.14867,0.16073,True
2025-12-01,P3,2206.29,1249.83,0.56648,0.46798,0.21048,0.17585,True
2025-12-08,P3,2049.34,1114.27,0.54372,0.4669,0.16454,0.17674,True
2025-12-15,P3,2013.97,1130.67,0.56141,0.47116,0.19155,0.17881,True
2025-12-22,P3,2109.42,1164.22,0.55191,0.46804,0.17921,0.18644,True
2025-12-29,P3,2215.66,1218.27,0.54985,0.46796,0.17498,0.17757,True
2024-01-01,P4,943.74,467.75,0.49563,0.49034,0.0108,,False
2024-01-08,P4,946.64,453.75,0.47933,0.49245,-0.02665,,False
2024-01-15,P4,965.33,478.86,0.49606,0.49435,0.00346,,False
2024-01-22,P4,976.23,486.93,0.49879,0.49319,0.01134,-0.00026,False
2024-01-29,P4,953.39,478.54,0.50194,0.4962,0.01156,-7e-05,False
2024-02-05,P4,1137.5,557.21,0.48985,0.49846,-0.01725,0.00228,False
2024-02-12,P4,1179.13,582.91,0.49436,0.49753,-0.00638,-0.00018,False
2024-02-19,P4,1174.55,595.9,0.50734,0.49437,0.02625,0.00354,False
2024-02-26,P4,1147.36,566.99,0.49417,0.49354,0.00128,0.00097,False
2024-03-04,P4,1226.49,596.2,0.4861,0.49254,-0.01307,0.00202,False
2024-03-11,P4,1245.88,605.14,0.48571,0.48941,-0.00755,0.00173,False
2024-03-18,P4,1297.12,634.78,0.48938,0.48522,0.00857,-0.00269,False
2024-03-25,P4,1258.13,618.59,0.49167,0.48306,0.01782,0.00144,False
2024-04-01,P4,1027.48,486.23,0.47323,0.47883,-0.01171,0.00178,False
2024-04-08,P4,957.46,455.11,0.47533,0.47504,0.00061,0.00382,False
2024-04-15,P4,981.27,455.86,0.46456,0.46881,-0.00907,-0.00059,False
2024-04-22,P4,1000.06,470.43,0.4704,0.46424,0.01327,-0.00172,False
2024-04-29,P4,948.73,436.94,0.46055,0.46002,0.00116,0.00149,False
2024-05-06,P4,1322.43,595.56,0.45035,0.46071,-0.02249,-0.00428,False
2024-05-13,P4,1326.27,602.43,0.45423,0.45698,-0.00602,-0.00352,False
2024-05-20,P4,1303.59,610.12,0.46803,0.45486,0.02895,0.0004,False
2024-05-27,P4,1291.93,583.62,0.45174,0.45371,-0.00433,-0.00097,False
2024-06-03,P4,1284.9,578.16,0.44996,0.45131,-0.00297,0.0039,False
2024-06-10,P4,1338.04,594.86,0.44458,0.44755,-0.00666,0.00375,False
2024-06-17,P4,1193.29,527.69,0.44221,0.44563,-0.00767,-0.00541,False
2024-06-24,P4,1218.38,547.39,0.44928,0.44617,0.00697,-0.00258,False
2024-07-01,P4,806.22,356.45,0.44212,0.44689,-0.01067,-0.00451,False
2024-07-08,P4,784.12,354.93,0.45265,0.45037,0.00505,-0.00158,False
2024-07-15,P4,845.32,378.88,0.44821,0.4485,-0.00066,0.00017,False
2024-07-22,P4,837.81,385.06,0.4596,0.44822,0.02539,0.00478,False
2024-07-29,P4,805.17,354.22,0.43993,0.44724,-0.01635,0.00336,False
2024-08-05,P4,1168.53,515.0,0.44072,0.44381,-0.00695,0.00036,False
2024-08-12,P4,1122.88,502.77,0.44775,0.44236,0.0122,0.00357,False
2024-08-19,P4,1107.1,477.2,0.43104,0.44449,-0.03027,-0.01034,False
2024-08-26,P4,1177.91,532.81,0.45234,0.44574,0.01481,-0.00255,False
2024-09-02,P4,1058.5,476.96,0.4506,0.44803,0.00573,0.00062,False
2024-09-09,P4,1115.05,498.38,0.44696,0.45101,-0.00898,-0.00468,False
2024-09-16,P4,1068.63,490.75,0.45923,0.45384,0.01187,0.00586,False
2024-09-23,P4,1038.14,462.93,0.44592,0.45658,-0.02333,-0.00368,False
2024-09-30,P4,1034.71,482.7,0.46651,0.46006,0.01401,-0.00161,False
2024-10-07,P4,1266.83,588.14,0.46426,0.4625,0.00381,0.00159,False
2024-10-14,P4,1215.28,564.35,0.46438,0.46743,-0.00653,-0.00301,False
2024-10-21,P4,1318.21,621.43,0.47142,0.47127,0.00032,0.0029,False
2024-10-28,P4,1216.94,572.68,0.47059,0.475,-0.00929,-0.00292,False
2024-11-04,P4,1356.03,658.62,0.4857,0.4803,0.01125,-0.00106,False
2024-11-11,P4,1218.46,588.44,0.48294,0.48349,-0.00115,0.00028,False
2024-11-18,P4,1319.8,647.8,0.49083,0.48508,0.01185,0.00316,False
2024-11-25,P4,1348.36,657.19,0.4874,0.48621,0.00245,0.0061,False
2024-12-02,P4,969.55,463.98,0.47855,0.49088,-0.02512,-0.00299,False
2024-12-09,P4,985.3,484.11,0.49133,0.49289,-0.00316,-0.0035,False
2024-12-16,P4,1003.85,508.24,0.50629,0.49187,0.02933,0.00087,False
2024-12-23,P4,1041.85,521.85,0.50089,0.49519,0.0115,0.00314,False
2024-12-30,P4,958.4,462.2,0.48226,0.49648,-0.02864,0.00226,False
2025-01-06,P4,1342.41,655.23,0.4881,0.49034,-0.00457,0.00191,False
2025-01-13,P4,1249.18,620.6,0.49681,0.49245,0.00884,-0.00322,False
2025-01-20,P4,1200.4,602.34,0.50178,0.49435,0.01504,-0.00233,False
2025-01-27,P4,1272.52,634.23,0.4984,0.49319,0.01057,0.00747,False
2025-02-03,P4,1293.99,646.97,0.49998,0.4962,0.00762,0.01052,False
2025-02-10,P4,1308.85,635.44,0.48549,0.49846,-0.026,0.00181,False
2025-02-17,P4,1257.13,615.83,0.48987,0.49753,-0.0154,-0.0058,False
2025-02-24,P4,1274.29,639.05,0.50149,0.49437,0.01442,-0.00484,False
2025-03-03,P4,1039.02,517.14,0.49772,0.49354,0.00847,-0.00463,False
2025-03-10,P4,1118.22,550.07,0.49192,0.49254,-0.00127,0.00156,False
2025-03-17,P4,1122.95,554.32,0.49363,0.48941,0.00863,0.00756,False
2025-03-24,P4,1095.48,539.11,0.49212,0.48522,0.01423,0.00751,False
2025-03-31,P4,1142.39,544.54,0.47667,0.48306,-0.01324,0.00209,False
2025-04-07,P4,1344.8,650.73,0.48389,0.47883,0.01055,0.00504,False
2025-04-14,P4,1346.19,638.8,0.47452,0.47504,-0.00108,0.00261,False
2025-04-21,P4,1318.74,602.57,0.45693,0.46881,-0.02535,-0.00728,False
2025-04-28,P4,1290.03,611.1,0.47371,0.46424,0.0204,0.00113,False
2025-05-05,P4,1346.11,627.44,0.46611,0.46002,0.01325,0.0018,False
2025-05-12,P4,1377.33,644.55,0.46797,0.46071,0.01575,0.00601,False
2025-05-19,P4,1281.37,583.61,0.45546,0.45698,-0.00333,0.01152,False
2025-05-26,P4,1241.64,552.03,0.4446,0.45486,-0.02257,0.00077,False
2025-06-02,P4,1011.96,444.05,0.4388,0.45371,-0.03286,-0.01075,False
2025-06-09,P4,988.29,455.36,0.46076,0.45131,0.02094,-0.00946,False
2025-06-16,P4,975.56,438.6,0.44959,0.44755,0.00454,-0.00749,False
2025-06-23,P4,1024.87,453.35,0.44235,0.44563,-0.00737,-0.00369,False
2025-06-30,P4,1037.03,460.15,0.44372,0.44617,-0.00549,0.00316,False
2025-07-07,P4,1082.42,478.15,0.44174,0.44689,-0.01153,-0.00496,False
2025-07-14,P4,1117.38,492.21,0.4405,0.45037,-0.02191,-0.01157,False
2025-07-21,P4,1180.85,532.81,0.45121,0.4485,0.00603,-0.00822,False
2025-07-28,P4,1143.46,507.27,0.44363,0.44822,-0.01025,-0.00942,False
2025-08-04,P4,1336.27,603.58,0.45169,0.44724,0.00994,-0.00405,False
2025-08-11,P4,1302.16,560.82,0.43068,0.44381,-0.02957,-0.00596,False
2025-08-18,P4,1317.72,577.43,0.4382,0.44236,-0.00939,-0.00982,False
2025-08-25,P4,1316.5,589.09,0.44747,0.44449,0.0067,-0.00558,False
2025-09-01,P4,1053.05,469.16,0.44552,0.44574,-0.00047,-0.00818,False
2025-09-08,P4,1069.24,488.67,0.45703,0.44803,0.02007,0.00423,False
2025-09-15,P4,1206.5,535.34,0.44371,0.45101,-0.01618,0.00253,False
2025-09-22,P4,1103.72,504.38,0.45698,0.45384,0.00691,0.00258,False
2025-09-29,P4,1108.31,511.38,0.46141,0.45658,0.01058,0.00535,False
2025-10-06,P4,1496.1,682.84,0.45641,0.46006,-0.00793,-0.00165,False
2025-10-13,P4,1473.8,728.15,0.49406,0.4625,0.06825,0.01945,False
2025-10-20,P4,1445.42,678.48,0.4694,0.46743,0.00421,0.01878,False
2025-10-27,P4,1381.19,656.48,0.4753,0.47127,0.00855,0.01827,False
2025-11-03,P4,1349.06,636.08,0.4715,0.475,-0.00738,0.01841,False
2025-11-10,P4,1451.04,703.6,0.48489,0.4803,0.00957,0.00374,False
2025-11-17,P4,1427.32,680.81,0.47698,0.48349,-0.01346,-0.00068,False
2025-11-24,P4,1360.25,654.3,0.48101,0.48508,-0.00839,-0.00491,False
2025-12-01,P4,1055.2,515.89,0.4889,0.48621,0.00554,-0.00168,False
2025-12-08,P4,1097.45,556.17,0.50678,0.49088,0.0324,0.00402,False
2025-12-15,P4,1110.67,555.13,0.49982,0.49289,0.01405,0.0109,False
2025-12-22,P4,1129.41,580.39,0.51389,0.49187,0.04477,0.02419,False
2025-12-29,P4,1037.42,495.04,0.47718,0.49519,-0.03637,0.01371,False
2024-01-01,P5,372.36,188.14,0.50526,0.50379,0.00292,,False
2024-01-08,P5,383.72,190.61,0.49674,0.50187,-0.01022,,False
2024-01-15,P5,418.28,213.06,0.50937,0.50374,0.01118,,False
2024-01-22,P5,381.01,189.02,0.4961,0.50346,-0.01461,-0.00268,False
2024-01-29,P5,407.59,208.37,0.51122,0.50558,0.01117,-0.00062,False
2024-02-05,P5,497.12,250.47,0.50384,0.50309,0.0015,0.00231,False
2024-02-12,P5,502.21,254.8,0.50736,0.50585,0.00299,0.00026,False
2024-02-19,P5,526.0,261.37,0.4969,0.50468,-0.0154,6e-05,False
2024-02-26,P5,498.6,254.24,0.50991,0.50394,0.01184,0.00023,False
2024-03-04,P5,517.92,261.74,0.50537,0.50479,0.00115,0.00014,False
2024-03-11,P5,553.14,276.67,0.50018,0.50268,-0.00497,-0.00185,False
2024-03-18,P5,557.36,285.13,0.51157,0.49929,0.02461,0.00816,False
2024-03-25,P5,542.46,263.83,0.48636,0.49232,-0.01211,0.00217,False
2024-04-01,P5,421.26,207.66,0.49295,0.48714,0.01193,0.00486,False
2024-04-08,P5,434.68,204.54,0.47055,0.4827,-0.02517,-0.00019,False
2024-04-15,P5,423.89,201.03,0.47425,0.48099,-0.01402,-0.00984,False
2024-04-22,P5,426.74,208.85,0.48941,0.47681,0.02642,-0.00021,False
2024-04-29,P5,414.79,198.19,0.47781,0.47559,0.00467,-0.00203,False
2024-05-06,P5,512.01,241.69,0.47204,0.47455,-0.00529,0.00294,False
2024-05-13,P5,507.71,235.8,0.46444,0.46814,-0.00791,0.00447,False
2024-05-20,P5,541.01,253.77,0.46907,0.4636,0.0118,0.00082,False
2024-05-27,P5,513.76,234.97,0.45735,0.46316,-0.01253,-0.00348,False
2024-06-03,P5,537.71,244.7,0.45508,0.46047,-0.01172,-0.00509,False
2024-06-10,P5,489.57,230.02,0.46984,0.45667,0.02885,0.0041,False
2024-06-17,P5,537.64,242.49,0.45103,0.45616,-0.01126,-0.00166,False
2024-06-24,P5,485.6,218.54,0.45004,0.45501,-0.01091,-0.00126,False
2024-07-01,P5,349.94,159.16,0.45482,0.45119,0.00806,0.00368,False
2024-07-08,P5,339.91,152.72,0.4493,0.44979,-0.0011,-0.0038,False
2024-07-15,P5,352.84,159.04,0.45074,0.45099,-0.00055,-0.00113,False
2024-07-22,P5,357.27,158.65,0.44406,0.44893,-0.01084,-0.00111,False
2024-07-29,P5,347.44,158.44,0.45602,0.45183,0.00927,-0.00081,False
2024-08-05,P5,512.9,227.99,0.44451,0.4545,-0.02198,-0.00602,False
2024-08-12,P5,518.48,240.49,0.46384,0.4572,0.01451,-0.00226,False
2024-08-19,P5,498.21,231.21,0.46408,0.45593,0.01789,0.00492,False
2024-08-26,P5,484.99,221.91,0.45756,0.45826,-0.00155,0.00222,False
2024-09-02,P5,449.84,202.27,0.44965,0.45707,-0.01624,0.00365,False
2024-09-09,P5,465.08,212.17,0.4562,0.45933,-0.00681,-0.00168,False
2024-09-16,P5,454.38,208.05,0.45788,0.4642,-0.01362,-0.00955,False
2024-09-23,P5,418.37,198.88,0.47537,0.46841,0.01486,-0.00545,False
2024-09-30,P5,482.93,232.72,0.48189,0.47425,0.01611,0.00263,False
2024-10-07,P5,578.57,272.34,0.47071,0.48185,-0.02312,-0.00144,False
2024-10-14,P5,557.22,270.48,0.48541,0.48086,0.00946,0.00433,False
2024-10-21,P5,536.17,265.87,0.49587,0.48434,0.0238,0.00656,False
2024-10-28,P5,551.93,259.64,0.47042,0.4898,-0.03957,-0.00736,False
2024-11-04,P5,581.07,290.12,0.49929,0.49234,0.0141,0.00195,False
2024-11-11,P5,572.39,285.07,0.49803,0.49375,0.00867,0.00175,False
2024-11-18,P5,599.22,298.47,0.4981,0.50149,-0.00676,-0.00589,False
2024-11-25,P5,572.06,287.7,0.50292,0.50196,0.00191,0.00448,False
2024-12-02,P5,455.46,231.87,0.50909,0.49956,0.01907,0.00572,False
2024-12-09,P5,463.53,232.54,0.50167,0.50172,-9e-05,0.00353,False
2024-12-16,P5,443.16,215.39,0.48603,0.50505,-0.03766,-0.00419,False
2024-12-23,P5,437.82,222.79,0.50886,0.50404,0.00957,-0.00228,False
2024-12-30,P5,435.82,226.45,0.5196,0.50483,0.02925,0.00027,False
2025-01-06,P5,492.07,248.03,0.50405,0.50379,0.00052,0.00042,False
2025-01-13,P5,495.5,248.37,0.50125,0.50187,-0.00123,0.00953,False
2025-01-20,P5,500.93,251.24,0.50155,0.50374,-0.00436,0.00604,False
2025-01-27,P5,476.41,249.61,0.52394,0.50346,0.04068,0.0089,False
2025-02-03,P5,460.57,235.88,0.51215,0.50558,0.01299,0.01202,False
2025-02-10,P5,470.75,241.07,0.5121,0.50309,0.01791,0.01681,False
2025-02-17,P5,479.45,243.76,0.50842,0.50585,0.00508,0.01917,False
2025-02-24,P5,479.29,245.9,0.51305,0.50468,0.0166,0.01315,False
2025-03-03,P5,429.42,216.58,0.50435,0.50394,0.00082,0.0101,False
2025-03-10,P5,421.4,207.37,0.4921,0.50479,-0.02514,-0.00066,False
2025-03-17,P5,440.77,217.43,0.4933,0.50268,-0.01866,-0.0066,False
2025-03-24,P5,446.79,223.38,0.49997,0.49929,0.00136,-0.0104,False
2025-03-31,P5,421.23,199.45,0.47349,0.49232,-0.03824,-0.02017,False
2025-04-07,P5,499.79,233.8,0.4678,0.48714,-0.0397,-0.02381,False
2025-04-14,P5,550.63,265.45,0.48208,0.4827,-0.00128,-0.01947,False
2025-04-21,P5,537.07,252.58,0.47029,0.48099,-0.02225,-0.02537,False
2025-04-28,P5,499.01,231.16,0.46324,0.47681,-0.02847,-0.02293,False
2025-05-05,P5,525.68,252.75,0.48081,0.47559,0.01097,-0.01026,False
2025-05-12,P5,512.47,237.75,0.46393,0.47455,-0.02239,-0.01553,False
2025-05-19,P5,487.4,230.39,0.47269,0.46814,0.00972,-0.00754,False
2025-05-26,P5,541.23,249.1,0.46025,0.4636,-0.00722,-0.00223,False
2025-06-02,P5,399.23,182.77,0.45781,0.46316,-0.01155,-0.00786,False
2025-06-09,P5,392.64,184.25,0.46926,0.46047,0.01908,0.00251,False
2025-06-16,P5,390.52,177.65,0.45491,0.45667,-0.00386,-0.00089,False
2025-06-23,P5,418.63,186.13,0.44462,0.45616,-0.02531,-0.00541,False
2025-06-30,P5,412.4,187.03,0.45352,0.45501,-0.00327,-0.00334,False
2025-07-07,P5,474.03,209.08,0.44107,0.45119,-0.02242,-0.01371,False
2025-07-14,P5,461.14,210.11,0.45563,0.44979,0.01298,-0.0095,False
2025-07-21,P5,466.89,207.09,0.44355,0.45099,-0.01649,-0.0073,False
2025-07-28,P5,495.11,221.01,0.44639,0.44893,-0.00566,-0.0079,False
2025-08-04,P5,550.98,248.91,0.45176,0.45183,-0.00017,-0.00233,False
2025-08-11,P5,519.92,243.01,0.4674,0.4545,0.02837,0.00151,False
2025-08-18,P5,522.09,230.67,0.44182,0.4572,-0.03364,-0.00277,False
2025-08-25,P5,494.64,225.14,0.45516,0.45593,-0.00168,-0.00178,False
2025-09-01,P5,439.52,203.04,0.46196,0.45826,0.00806,0.00028,False
2025-09-08,P5,439.76,206.23,0.46896,0.45707,0.02601,-0.00031,False
2025-09-15,P5,437.84,202.21,0.46184,0.45933,0.00545,0.00946,False
2025-09-22,P5,446.95,216.11,0.48352,0.4642,0.04163,0.02029,False
2025-09-29,P5,434.6,205.8,0.47354,0.46841,0.01095,0.02101,False
2025-10-06,P5,550.78,258.36,0.46908,0.47425,-0.0109,0.01178,False
2025-10-13,P5,597.18,283.29,0.47438,0.48185,-0.0155,0.00654,False
2025-10-20,P5,605.53,288.06,0.47572,0.48086,-0.0107,-0.00654,False
2025-10-27,P5,599.96,292.01,0.48672,0.48434,0.00491,-0.00805,False
2025-11-03,P5,571.78,277.55,0.48541,0.4898,-0.00896,-0.00757,False
2025-11-10,P5,549.25,266.88,0.4859,0.49234,-0.01309,-0.00696,False
2025-11-17,P5,581.53,293.36,0.50446,0.49375,0.02169,0.00114,False
2025-11-24,P5,570.15,283.12,0.49657,0.50149,-0.0098,-0.00254,False
2025-12-01,P5,444.9,222.96,0.50115,0.50196,-0.00163,-0.0007,False
2025-12-08,P5,442.02,229.47,0.51914,0.49956,0.03919,0.01236,False
2025-12-15,P5,423.91,208.44,0.49171,0.50172,-0.01995,0.00195,False
2025-12-22,P5,475.21,237.27,0.4993,0.50505,-0.0114,0.00156,False
2025-12-29,P5,497.15,252.98,0.50886,0.50404,0.00956,0.00435,False
